<?xml version="1.0" encoding="utf-8"?>
<odoo>

        <!--<record id="hr_payroll.hr_salary_rule_houserentallowance1" model="hr.salary.rule">
            <field name="rule_amount_type">to_sum</field>
        </record>
        <record id="hr_payroll.hr_salary_rule_convanceallowance1" model="hr.salary.rule">
            <field name="rule_amount_type">to_sum</field>
        </record>
        <record id="hr_payroll.hr_salary_rule_ca_gravie" model="hr.salary.rule">
            <field name="rule_amount_type">to_sum</field>
        </record>
        <record id="hr_payroll.hr_salary_rule_meal_voucher" model="hr.salary.rule">
            <field name="rule_amount_type">to_sum</field>
        </record>
        <record id="hr_payroll.hr_salary_rule_sales_commission" model="hr.salary.rule">
            <field name="rule_amount_type">to_sum</field>
        </record>
        <record id="hr_payroll.hr_salary_rule_providentfund1" model="hr.salary.rule">
            <field name="rule_amount_type">to_sub</field>
        </record>
        <record id="hr_payroll.hr_salary_rule_professionaltax1" model="hr.salary.rule">
            <field name="rule_amount_type">to_sub</field>
        </record>-->

</odoo>
