<?xml version="1.0" encoding="utf-8"?>
<odoo>

    <!-- Salary Rule Cat form: -->
    <record id="hr_salary_rule_category_form_compat" model="ir.ui.view">
        <field name="name">Compat view</field>
        <field name="model">hr.salary.rule.category</field>
        <field name="inherit_id" ref="hr_payroll_community.hr_salary_rule_category_form"/>
        <field name="arch" type="xml">
            <xpath expr="//form" position="inside">
                <div id="id" />
            </xpath>
        </field>
    </record>

    <!-- Salary Rule form: -->
    <record id="hr_salary_rule_form_compat" model="ir.ui.view">
        <field name="name">Compat view</field>
        <field name="model">hr.salary.rule</field>
        <field name="inherit_id" ref="hr_payroll_community.hr_salary_rule_form"/>
        <field name="arch" type="xml">
            <xpath expr="//field[@name='appears_on_payslip']" position="before">
                <div id="is_aggregate_field_placeholder" />
            </xpath>
        </field>
    </record>
    
</odoo>
